{"cameraMode":{"drawMode":2,"name":"Shaded Wireframe","section":"Shading Mode"},"sceneLighting":true,"audioPlay":false,"sceneViewState":{"showFog":true,"showMaterialUpdate":false,"showSkybox":true,"showFlares":true,"showImageEffects":true,"showParticleSystems":true},"in2DMode":false,"pivot":{"x":184.22610473632813,"y":50.43023681640625,"z":189.1114044189453},"rotation":{"x":0.1166638657450676,"y":-0.034257374703884128,"z":0.004026502370834351,"w":0.9925733208656311},"size":1054.4659423828125,"orthographic":false}