{"cameraMode":{"drawMode":0,"name":"Shaded","section":"Shading Mode"},"sceneLighting":false,"audioPlay":false,"sceneViewState":{"showFog":true,"showMaterialUpdate":false,"showSkybox":false,"showFlares":true,"showImageEffects":true,"showParticleSystems":true},"in2DMode":false,"pivot":{"x":23.76055145263672,"y":66.69107818603516,"z":23.920597076416017},"rotation":{"x":0.18833103775978089,"y":0.10173586755990982,"z":-0.019618527963757516,"w":0.9766258597373962},"size":22.0,"orthographic":true}